City_ID,City,Country,Max Temp,Current Description,Lat,Lng,Hotel Name
2,pozo colorado,PY,70.86,overcast clouds,-23.4923,-58.7972,Hospedaje La Norte√±a
5,atuona,PF,77.16,clear sky,-9.8,-139.0333,Villa Enata
11,praia da vitoria,PT,62.76,few clouds,38.7333,-27.0667,Hotel Branco I
13,bereda,ES,60.42,overcast clouds,43.2686,-7.5406,Pazo de Verdes
14,port elizabeth,ZA,68.31,overcast clouds,-33.918,25.5701,39 On Nile Guest House
16,san carlos de bariloche,AR,53.35,clear sky,-41.1456,-71.3082,Hotel Patagonia
17,rikitea,PF,69.39,clear sky,-23.1203,-134.9692,People ThankYou
22,esperance,AU,69.4,clear sky,-33.8667,121.9,Hospitality Esperance
23,hobart,AU,71.91,few clouds,-42.8794,147.3294,St Ives Hobart Accommodation Tasmania
27,crotone,IT,63.19,clear sky,39.0851,17.1178,Helios Hotel
31,hermanus,ZA,62.8,clear sky,-34.4187,19.2345,Misty Waves Boutique Hotel
33,alexandria,EG,68.54,scattered clouds,31.2156,29.9553,Royal Crown Hotel
36,cape town,ZA,63.12,clear sky,-33.9258,18.4232,"Radisson Blu Hotel Waterfront, Cape Town"
37,busselton,AU,67.86,scattered clouds,-33.65,115.3333,Observatory Guest House
39,lebu,CL,50.88,broken clouds,-37.6167,-73.65,Hostal Las Lilas
40,bredasdorp,ZA,59.13,scattered clouds,-34.5322,20.0403,Bredasdorp Country Manor
41,moerai,PF,72.41,few clouds,-22.4333,-151.3333,Le Manotel
43,port alfred,ZA,69.19,overcast clouds,-33.5906,26.891,The Halyards Hotel & Spa
45,los llanos de aridane,ES,65.95,clear sky,28.6585,-17.9182,Valle Aridane
47,borujerd,IR,57.29,clear sky,33.8973,48.7516,Zagros International Hotel
49,clarence town,AU,75.11,light rain,-32.5833,151.7833,River Downs Cottage
52,fare,PF,77.23,light rain,-16.7,-151.0167,Maitai Lapita Village Huahine
54,kibala,TD,75.15,clear sky,9.1104,18.3463,Prasant Hotels
56,ambilobe,MG,69.39,clear sky,-13.2,49.05,H√¥tel & Restaurant DIANA Ambilobe
57,kruisfontein,ZA,65.88,overcast clouds,-34.0033,24.7314,Oyster Bay House Rental
58,mahebourg,MU,70.09,broken clouds,-20.4081,57.7,Shandrani Beachcomber Resort & Spa
59,kapoeta,SS,75.31,light rain,4.7717,33.5903,Eastgate Hotel
60,saint-philippe,RE,69.39,scattered clouds,-21.3585,55.7679,Le four √† pain
61,byron bay,AU,68.94,light rain,-28.65,153.6167,Backpackers Inn
64,torbay,CA,52.75,light intensity drizzle,47.6666,-52.7314,Gallows Cove
65,maragogi,BR,74.32,few clouds,-9.0122,-35.2225,Salinas do Maragogi All Inclusive Resort
66,lokachi,UA,50.76,overcast clouds,50.737,24.6494,N/A
69,pocatello,US,60.48,clear sky,42.8713,-112.4455,TownePlace Suites by Marriott Pocatello
70,poum,NC,77.32,overcast clouds,-20.2333,164.0167,N/A
71,vaini,TO,77.16,broken clouds,-21.2,-175.2,Keleti Beach Resort
72,codrington,AU,66.83,clear sky,-38.2667,141.9667,N/A
74,puerto ayora,EC,67.55,scattered clouds,-0.7393,-90.3518,Finch Bay Galapagos Hotel
75,santo antonio do ica,BR,74.46,overcast clouds,-3.1022,-67.9397,HOTEL AMAZON WAY
76,camana,PE,62.44,scattered clouds,-16.6228,-72.7111,Hostal Morales
80,catanduva,BR,71.47,overcast clouds,-21.1378,-48.9728,Colonial Hotel
81,sitka,US,55.29,light rain,57.0531,-135.33,Westmark Sitka
82,hami,CN,61.56,broken clouds,42.8,93.45,Laoyutang Resort
83,mataura,NZ,56.48,light rain,-46.1927,168.8643,Ellie's Villa
84,new norfolk,AU,72.57,broken clouds,-42.7826,147.0587,The Shingles Riverside Cottages
85,tricase,IT,58.35,clear sky,39.9304,18.3553,Hotel Adriatico
87,port lincoln,AU,66.96,clear sky,-34.7333,135.8667,Port Lincoln Hotel
89,horsham,GB,55.92,clear sky,51.064,-0.3272,Springfields Hotel
90,comodoro rivadavia,AR,66.06,clear sky,-45.8667,-67.5,Austral Hotel
91,lagoa,PT,64.49,overcast clouds,39.05,-27.9833,Casa Das Faias
92,bluff,NZ,56.8,light rain,-46.6,168.3333,Bluff Homestead - Guesthouse & Campervan Park
97,monitos,CO,75.33,overcast clouds,8.25,-76.05,Finca Aleman Gonzalez
100,avarua,CK,77.05,scattered clouds,-21.2078,-159.775,Paradise Inn
103,detchino,RU,50.45,overcast clouds,54.8092,36.3075,house 48
106,flinders,AU,73.06,moderate rain,-34.5833,150.8552,Shellharbour Resort & Conference Centre
107,uberaba,BR,73.98,clear sky,-19.7483,-47.9319,Tamareiras Park Hotel
108,gasa,PS,70.05,clear sky,31.5,34.4667,ÿ±ÿßÿ®ÿ∑ÿ© ÿßŸÑŸÅŸÜÿßŸÜŸäŸÜ ÿßŸÑŸÅŸÑÿ≥ÿ∑ŸäŸÜŸäŸäŸÜ
110,panaba,MX,75.72,overcast clouds,21.2833,-88.2667,Hotel Don Fernando
111,lompoc,US,69.01,clear sky,34.6391,-120.4579,"Holiday Inn Express Lompoc, an IHG Hotel"
114,pascagoula,US,51.85,clear sky,30.3658,-88.5561,Regency Inn
116,jalu,LY,68.04,broken clouds,29.0331,21.5482,ÿµÿßÿ≠ÿ®ÿ© ÿßŸÑŸÅÿÆÿßŸÖÿ©
117,tautira,PF,75.88,light rain,-17.7333,-149.15,Pension Oaoa
119,mattru,SL,72.55,overcast clouds,7.6244,-11.8332,"Mondkor Town, Bagbo Chiefdom, Bo District"
120,san patricio,US,67.84,overcast clouds,28.017,-97.5169,"Motel 6 Sinton, TX"
122,el alto,PE,62.08,overcast clouds,-4.2714,-81.2147,Black Marlin Restaurant & Hospedaje
124,chuy,UY,60.48,overcast clouds,-33.6971,-53.4616,Nuevo Hotel Plaza
125,montijo,PT,69.71,broken clouds,38.7067,-8.9739,TRYP by Wyndham Montijo Parque Hotel
126,ponta do sol,PT,73.71,light rain,32.6667,-17.1,Hotel do Campo
128,shaowu,CN,71.71,few clouds,27.3409,117.4831,Yijie Express Hotel
133,big bend,SZ,73.49,overcast clouds,-26.8167,31.9333,The Lebombo Villa B+B
134,khandbari,NP,68.25,clear sky,27.3747,87.2039,Sainik Hotel And Lodge
135,jumla,NP,53.24,clear sky,29.2747,82.1838,Royal Garden Hotel
137,axim,GH,76.14,light rain,4.8699,-2.2405,Axim Beach Resort And Spa
138,bani walid,LY,62.53,clear sky,31.7566,13.9942,ŸÖÿ±ŸÉÿ≤GLC ŸÑŸÑÿ∑ŸÑÿßÿ°
142,narragansett,US,52.45,scattered clouds,41.4501,-71.4495,Hampton Inn South Kingstown - Newport Area
144,fortuna,US,54.93,broken clouds,40.5982,-124.1573,Super 8 by Wyndham Fortuna
147,bisira,PA,60.37,overcast clouds,8.5196,-81.7115,N/A
148,virginia beach,US,51.82,few clouds,36.8529,-75.978,Hilton Virginia Beach Oceanfront
149,mastic beach,US,51.98,clear sky,40.7668,-72.8521,Brushwood House by Smith Point Beach
150,bambous virieux,MU,70.05,broken clouds,-20.3428,57.7575,Casa Tia Villa
152,imbituba,BR,70.86,overcast clouds,-28.24,-48.6703,Praia Hotel Imbituba
153,saldanha,ZA,55.45,few clouds,-33.0117,17.9442,Blue Bay Lodge
154,korhogo,CI,72.41,few clouds,9.45,-5.6333,H√¥tel Tchinbota
157,beloha,MG,67.12,scattered clouds,-25.1667,45.05,N/A
158,romitan,UZ,51.75,few clouds,39.9343,64.3814,Hotel Temur
162,rocha,UY,59.5,overcast clouds,-34.4833,-54.3333,Hotel Arrarte
164,raga,SS,68.83,broken clouds,8.4596,25.678,N/A
165,arraial do cabo,BR,72.01,overcast clouds,-22.9661,-42.0278,Pousada Porto Praia
170,north bend,US,58.91,clear sky,43.4065,-124.2243,Red Lion Hotel Coos Bay
172,mana,GF,78.49,overcast clouds,5.6592,-53.7767,LE SAMANA
174,pacific grove,US,68.65,clear sky,36.6177,-121.9166,Lovers Point Inn
175,nemuro,JP,51.26,few clouds,43.3236,145.575,Hotel Nemuro Kaiyoutei
178,tuatapere,NZ,52.84,light rain,-46.1333,167.6833,Ron and Tony's Bed & Breakfast
181,sidi ali,DZ,75.25,overcast clouds,36.0998,0.4206,Khaled
184,nishihara,JP,76.66,overcast clouds,26.1842,127.7558,Minshuku Agaihama
185,luena,AO,61.25,light rain,-11.7833,19.9167,Hotel Kandamba
186,port macquarie,AU,71.89,light rain,-31.4333,152.9167,Rydges Port Macquarie
188,kismayo,SO,77.88,overcast clouds,-0.3582,42.5454,Agan-Hotel
190,acapulco,MX,78.08,moderate rain,16.8634,-99.8901,HS Hotsson Smart Acapulco
191,bar harbor,US,62.28,overcast clouds,44.3876,-68.2039,Atlantic Oceanside Hotel & Event Center
192,bonfim,BR,76.96,light rain,3.0833,-59.95,N/A
193,puerto escondido,MX,78.24,overcast clouds,15.85,-97.0667,Aldea del Bazar Hotel and Spa
195,asyut,EG,67.37,scattered clouds,27.181,31.1837,ŸÅŸÜÿØŸÇ ŸÖŸäÿ≥ ÿ•Ÿäÿ¨Ÿäÿ®ÿ™ Miss Egypt Hotel
198,airai,TL,76.96,overcast clouds,-8.9266,125.4092,N/A
200,east london,ZA,69.58,overcast clouds,-33.0153,27.9116,Tu Casa
202,nitra,SK,55.63,scattered clouds,48.3076,18.0845,Alexander's
203,itarema,BR,78.28,scattered clouds,-2.9248,-39.9167,"Sea Lounge! Bar, Club & Restaurant"
205,nioro,GM,72.93,overcast clouds,13.35,-15.75,N/A
207,cuamba,MZ,68.13,few clouds,-14.8031,36.5372,Hotel Vision
209,coquimbo,CL,53.33,clear sky,-29.9533,-71.3436,Hotel San Juan
210,barreirinhas,BR,78.46,clear sky,-2.7469,-42.8264,Gran Len√ß√≥is Flat Residence
215,garissa,KE,72.28,few clouds,-0.4536,39.6401,Sharif Plaza Hotel
217,turayf,SA,64.65,clear sky,31.6725,38.6637,Turaif
218,viedma,AR,54.82,few clouds,-40.8135,-62.9967,Hotel Cristal
221,touros,BR,77.32,scattered clouds,-5.1989,-35.4608,INN NEW HORIZON
222,fowa,NG,73.45,overcast clouds,8.9167,6.4,N/A
225,faya,SA,51.91,clear sky,18.3851,42.4509,ÿ¥ŸäŸÑÿ© ŸÜÿ≥ÿßŸäŸÖ
227,vila franca do campo,PT,63.01,light rain,37.7167,-25.4333,Pestana Bahia Praia
228,victoria,HK,77.05,overcast clouds,22.2855,114.1577,Mini Central
229,bafia,CM,67.71,overcast clouds,4.75,11.2333,Hotel born beyem
232,dinguiraye,GN,70.45,clear sky,11.3,-10.7167,N/A
234,buraydah,SA,64.85,overcast clouds,26.326,43.975,M√∂venpick Qassim
235,castro,BR,57.97,light rain,-24.7911,-50.0119,CHACARA BAILLY
236,belmonte,BR,73.4,clear sky,-15.8631,-38.8828,Pousada Monte Carmelo O P√£o
237,teguise,ES,64.62,clear sky,29.0605,-13.564,B&B La Casona de Nazaret
240,kaitangata,NZ,59.11,overcast clouds,-46.2817,169.8464,Kaitangata Motor Camp
241,gazanjyk,TM,50.29,clear sky,39.2446,55.5154,Railway motel
243,katsuura,JP,57.72,overcast clouds,35.1333,140.3,Katsuura Hotel Mikazuki
248,biltine,TD,77.65,clear sky,14.5333,20.9167,H√¥tel Trois √âtoiles de Biltine
251,punta alta,AR,62.04,broken clouds,-38.8759,-62.0736,Center Hotel Punta Alta
252,ribeira grande,PT,62.78,overcast clouds,38.5167,-28.7,Quinta da Meia Eira
256,camacupa,AO,61.12,broken clouds,-12.0167,17.4833,N/A
258,iwaki,JP,65.01,few clouds,37.05,140.8833,Toyoko Inn Iwaki Ekimae
259,huarmey,PE,61.72,few clouds,-10.0681,-78.1522,Hotel Miramar
260,boende,CD,70.25,overcast clouds,-0.2167,20.8667,N/A
262,nieuwpoort,BE,52.09,clear sky,51.1244,2.7735,Hotel Gemeente Huis
263,pisco,PE,59.05,overcast clouds,-13.7,-76.2167,Hotel San Isidro Oficial
267,vila velha,BR,73.35,broken clouds,-20.3297,-40.2925,Hotel Vit√≥ria Palace
268,glendive,US,55.18,clear sky,47.1053,-104.7125,Super 8 by Wyndham Glendive
269,mandalgovi,MN,51.33,few clouds,45.7625,106.2708,–í.–ì–∞–Ω–±–∞—Ç
273,tessalit,ML,77.83,clear sky,20.1986,1.0114,N/A
274,west wendover,US,62.56,overcast clouds,40.7391,-114.0733,"Motel 6 Wendover, UT"
275,mundi,IN,74.43,clear sky,22.0667,76.5,TIWARI NIWAS
276,moissala,TD,70.05,light rain,8.3404,17.7663,N/A
277,carnarvon,AU,73.96,clear sky,-24.8667,113.6333,Hospitality Carnarvon
279,saint-pierre,RE,74.57,few clouds,-21.3393,55.4781,Alize Plage
281,saint george,US,77.59,clear sky,37.1041,-113.5841,Best Western Plus Abbey Inn
282,mar del plata,AR,59.09,clear sky,-38.0023,-57.5575,Gran Hotel Mar del Plata
284,caravelas,BR,72.86,broken clouds,-17.7125,-39.2481,Pousada dos Navegantes
285,kollam,IN,77.65,overcast clouds,8.8833,76.6,The Raviz Ashtamudi
286,pietroasa,RO,50.49,clear sky,46.5833,22.55,Casa Otilia
289,yurimaguas,PE,73.08,overcast clouds,-5.9,-76.0833,Rio Huallaga Hotel & Business Center
291,general pico,AR,56.79,clear sky,-35.6566,-63.7568,Euskadi Hotel
292,monrovia,LR,75.92,moderate rain,6.3005,-10.7969,Sunset Inn
293,miri,MY,78.94,scattered clouds,4.4148,114.0089,"Mega Hotel, Miri"
295,mindelo,CV,78.35,scattered clouds,16.8901,-24.9804,Hotel Gaudi
296,kiama,AU,73.26,broken clouds,-34.6833,150.8667,The Sebel Kiama Harbourside
297,grand-santi,GF,74.28,overcast clouds,4.25,-54.3833,Hotel La Villa Couacou
298,san quintin,MX,69.13,scattered clouds,30.4833,-115.95,Don Eddie's Sport Fishing Center
299,tura,IN,78.69,clear sky,25.5198,90.2201,Hotel RIKMAN Continental
300,sinnamary,GF,78.26,overcast clouds,5.3833,-52.95,ALETHEIA Appartement Sinnamary
301,smithers,CA,59.32,broken clouds,54.7804,-127.1743,"Prestige Hudson Bay Lodge, Premier Collection"
304,koulikoro,ML,78.62,clear sky,14.0,-7.75,N/A
306,faranah,GN,69.4,clear sky,10.0404,-10.7434,Chez mon oncle
307,black diamond,US,60.44,clear sky,47.3087,-122.0032,Lake Sawyer RV Resort
309,devonport,AU,65.08,clear sky,-41.1667,146.35,Gateway Hotel by Nightcap Plus
310,sabaudia,IT,68.47,clear sky,41.3003,13.0282,Oasi di Kufra
311,laguna,US,75.49,clear sky,38.421,-121.4238,"Holiday Inn Express & Suites Elk Grove Central - Hwy 99, an IHG Hotel"
312,baruun-urt,MN,51.48,few clouds,46.6806,113.2792,–ê—Ö–º–∞–¥—ã–Ω –∞–º—Ä–∞–ª—Ç —Å—É–≤–∏–ª–∞–ª
313,odweyne,SO,66.83,few clouds,9.4092,45.064,Eng Hiirey House
314,port-gentil,GA,75.74,moderate rain,-0.7193,8.7815,Fengshui Residence
315,muros,ES,65.08,moderate rain,42.7762,-9.0603,Apartment Av. Castelao
316,kidal,ML,77.29,clear sky,18.4411,1.4078,N/A
320,tucuman,AR,59.0,overcast clouds,-26.8241,-65.2226,Hotel Premier
323,san luis,AR,54.39,overcast clouds,-33.295,-66.3356,Huarpes Hotel
324,qobustan,AZ,60.08,scattered clouds,40.0824,49.412,N/A
326,victorville,US,76.42,clear sky,34.5361,-117.2912,Travel Inn & Suites
329,souillac,MU,70.18,broken clouds,-20.5167,57.5167,Shanti Maurice Resort & Spa
330,nichinan,JP,69.48,clear sky,31.6,131.3667,Guest House Aki
331,tadine,NC,75.65,broken clouds,-21.55,167.8833,N/A
332,aguimes,ES,68.63,clear sky,27.9054,-15.4461,Hotel Villa de Aguimes
333,itacarambi,BR,74.46,few clouds,-15.1022,-44.0919,POUSADA CAMALE√ÉO
334,mwense,ZM,66.51,broken clouds,-10.3845,28.698,Mwense Council Guest House
336,jining,CN,64.4,clear sky,35.405,116.5814,Yunhe Star Hotel
338,santa cruz de la palma,ES,69.94,clear sky,28.6835,-17.7642,H10 Taburiente Playa
339,yellandu,IN,77.4,overcast clouds,17.6,80.3333,Varalaxmi
340,faanui,PF,77.47,light rain,-16.4833,-151.75,Bora-Bora Pearl Beach Resort & Spa
342,rizhao,CN,61.2,clear sky,35.4275,119.4553,Novotel Rizhao Suning
346,xining,CN,50.7,overcast clouds,36.6167,101.7667,Super Leisure Hotel
347,camacha,PT,69.22,few clouds,33.0833,-16.3333,Hotel Porto Santo & Spa
351,jacksonville,US,60.91,clear sky,30.3322,-81.6556,Hyatt Regency Jacksonville Riverfront
353,meridian,US,61.72,clear sky,43.6121,-116.3915,Courtyard by Marriott Boise West/Meridian
354,eureka,US,61.66,broken clouds,40.8021,-124.1637,Eureka Inn Trademark By Wyndham
359,casablanca,MA,75.33,overcast clouds,33.5928,-7.6192,ŸÅŸÜÿØŸÇ ÿßŸÑÿ®Ÿäÿ™ ÿßŸÑŸÖÿ∫ÿ±ÿ®Ÿä ŸÉÿßÿ≤ÿ®ŸÑÿßŸÜŸÉÿß
362,karachi,PK,73.22,mist,24.9056,67.0822,Sadaat
365,port blair,IN,78.84,very heavy rain,11.6667,92.75,"Welcomhotel By ITC Hotels, Bay Island, Port Blair"
372,penhold,CA,59.74,clear sky,52.1334,-113.8687,Harvard Park Business Ctr Ltd
373,ashington,GB,56.82,overcast clouds,50.9331,-0.3909,Tirol House
374,ilo,PE,60.76,scattered clouds,-17.6394,-71.3375,Torreblanca Hotel
375,rawson,AR,69.15,clear sky,-43.3002,-65.1023,Hosteria Sampedro
379,ha giang,VN,75.34,overcast clouds,22.8333,104.9833,Truong Xuan Resort
380,ponta delgada,PT,63.32,scattered clouds,37.7333,-25.6667,Vila Nova Hotel
382,bria,CF,68.16,overcast clouds,6.5423,21.9863,WFP Guesthouse
383,namibe,AO,64.47,scattered clouds,-15.1961,12.1522,Hotel Chik Chik Namibe
384,ndago,TZ,65.08,broken clouds,-4.6,34.35,N/A
385,trenggalek,ID,78.1,overcast clouds,-8.05,111.7167,OYO 2966 Hotel Atriaz
387,goya,AR,62.87,clear sky,-29.14,-59.2626,Apart Costanera Goya
388,korla,CN,59.88,broken clouds,41.7597,86.1469,Gulisitan Hotel
389,dunedin,NZ,55.8,overcast clouds,-45.8742,170.5036,Scenic Hotel Southern Cross
390,kumluca,TR,70.45,scattered clouds,36.3703,30.2869,Akkol Apart
391,mandiana,GN,73.81,clear sky,10.6333,-8.6833,Centre d'accueil de Mandiana
392,pithoragarh,IN,53.28,clear sky,29.5833,80.2167,Hipostel Pithoragarh (Cafe Morrison)
393,hasaki,JP,59.4,overcast clouds,35.7333,140.8333,Inubosaki Kanko Hotel
396,cidreira,BR,64.54,overcast clouds,-30.1811,-50.2056,Hotel Castelo
397,burnie,AU,64.09,clear sky,-41.0667,145.9167,Beachfront Voyager Motor Inn
398,nizwa,OM,76.15,broken clouds,22.9333,57.5333,Orient Apartments
400,pochutla,MX,71.82,light rain,15.7432,-96.4661,Hotel Posada San Jose
403,cayenne,GF,77.04,few clouds,4.9333,-52.3333,H√¥tel Le Dronmi
404,prince rupert,CA,56.89,moderate rain,54.3161,-130.3201,Crest Hotel
405,xiongyue,CN,61.11,clear sky,40.1774,122.1228,Samsung Business Hotel
406,bridlington,GB,52.9,overcast clouds,54.0831,-0.1919,Expanse Bridlington Seafront Hotel
411,murakami,JP,62.49,overcast clouds,38.2333,139.4833,Senami Grand Hotel Haginoya
413,constantine,DZ,58.41,clear sky,36.365,6.6147,Grand Hotel Cirta
414,kinsale,IE,58.37,broken clouds,51.7075,-8.5306,Actons Hotel Kinsale
415,acajutla,SV,78.69,overcast clouds,13.5928,-89.8275,CASA DE LA PERRA
416,olavarria,AR,56.01,scattered clouds,-36.8927,-60.3225,Hotel Santa Rosa
417,olinda,BR,78.53,scattered clouds,-8.0089,-34.8553,Flat Quatro Rodas Olinda
418,waipawa,NZ,50.05,overcast clouds,-41.4122,175.5153,Tora Coastal Walk
419,parau,NZ,64.35,scattered clouds,-36.9672,174.6141,Waterfront Titirangi
421,ichinohe,JP,55.08,scattered clouds,40.2069,141.3017,È≥•Ë∂äÊóÖÈ§®
422,jacareacanga,BR,71.69,overcast clouds,-6.2222,-57.7528,Casa do Ianüòé
427,denia,ES,71.74,broken clouds,38.8408,0.1057,Hotel Port D√©nia
428,venice,US,73.0,overcast clouds,27.0998,-82.4543,A Beach Retreat On Casey Key
429,maxixe,MZ,71.67,broken clouds,-23.8597,35.3472,Oceano
430,aguas vermelhas,BR,62.24,clear sky,-15.7472,-41.46,N/A
431,seoul,KR,56.77,clear sky,37.5683,126.9778,LOTTE HOTEL SEOUL
432,lucapa,AO,63.99,broken clouds,-8.4192,20.7447,L√≠rio Mendes
433,maringa,BR,69.67,clear sky,-23.4253,-51.9386,Hotel Metr√≥pole Maring√°
434,kutum,SD,69.22,clear sky,14.2,24.6667,Dibbo areaŸÖŸÜÿ∑ŸÇÿ© ÿØÿ®Ÿà
435,masallatah,LY,66.94,light rain,32.6167,14.0,Mustafa Taher Sowaidan
438,natal,BR,77.22,scattered clouds,-5.795,-35.2094,Villa Park Hotel | Natal
439,avila,ES,51.66,broken clouds,40.5833,-5.0,El Carrascal
440,campo grande,BR,69.35,broken clouds,-20.4428,-54.6464,Residencial e Hotel S√™nior Salmos 23
441,miranda,CO,68.13,overcast clouds,3.2499,-76.2281,unidiversidad organica la utopia
442,eyl,SO,77.94,clear sky,7.9803,49.8164,EYL AQUE SYSTEM
444,hervey bay,AU,71.02,light rain,-25.2986,152.8535,Shelly Bay Resort
445,boqueirao,BR,72.95,scattered clouds,-7.5,-36.1333,Hotel Chique Chique
447,la ronge,CA,53.85,clear sky,55.1001,-105.2842,Northland Motor Hotel
450,saquena,PE,74.01,overcast clouds,-4.6667,-73.5167,N/A
451,jamshedpur,IN,73.22,fog,22.8,86.1833,Ginger Jamshedpur
452,hampton,US,51.82,clear sky,37.0299,-76.3452,Embassy Suites by Hilton Hampton Convention Center
456,kaeo,NZ,67.32,clear sky,-35.1,173.7833,Bushido Lodge
460,sunbury,AU,73.38,clear sky,-37.5833,144.7333,Sunbury Motor Inn
462,ahipara,NZ,60.49,clear sky,-35.1667,173.1667,Ahipara Holiday Park
464,salalah,OM,74.93,clear sky,17.0151,54.0924,"HAMDAN PLAZA HOTEL SALALAH, an HTG Hotel"
465,fort nelson,CA,54.99,overcast clouds,58.8053,-122.7002,The Fort Nelson Hotel
466,manggar,ID,78.4,overcast clouds,-2.8833,108.2667,Guest Hotel
467,havre,FR,60.57,clear sky,49.5833,0.3333,gite bois jourdain
469,hirara,JP,75.47,broken clouds,24.8,125.2833,Hotel Atoll Emerald Miyakojima
470,naze,JP,72.52,overcast clouds,28.3667,129.4833,Shishime Hotel
471,samana,DO,76.89,clear sky,19.2056,-69.3369,The Bannister - Hotel & Yacht Club
472,gat,IL,66.88,clear sky,31.61,34.7642,OlusHome
475,omidiyeh,IR,69.67,overcast clouds,30.7597,49.705,Royal Complex
476,green river,US,57.6,clear sky,41.5286,-109.4662,Hampton Inn & Suites Green River
479,esna,EG,68.02,overcast clouds,25.2934,32.554,Orient Star Dahabyia Isna 05 Nights Each Sunday
481,waddan,LY,64.4,few clouds,29.1614,16.139,ŸÖÿ≠ŸÑ ÿßŸÑÿ¥ÿ±ŸäŸÅ ŸÖÿ≠ŸÖÿØ ÿßŸÑÿπÿßŸäÿ®
482,chavinda,MX,62.65,light rain,20.0167,-102.45,casa del que anuncia
484,beni,CD,61.11,overcast clouds,0.5,29.4667,Albertine hotel
486,komsomolskiy,UZ,54.32,light intensity shower rain,40.4272,71.7189,Ikathouse
490,dali,CN,63.36,scattered clouds,25.7,100.1833,Dali Travelling With Hostel
492,chitrakonda,IN,75.76,broken clouds,18.1167,82.0833,Dantunaguda
494,guerrero negro,MX,71.76,clear sky,27.9769,-114.0611,"Casa Laguna, Bed & Breakfast"
498,ordubad,AZ,54.84,clear sky,38.9059,46.0234,Ordubad Oteli
499,yulara,AU,75.49,clear sky,-25.2406,130.9889,Desert Gardens Hotel - Ayers Rock Resort
502,corowa,AU,75.29,scattered clouds,-36.0333,146.3833,Statesman Motor Inn
504,amari,GR,60.82,broken clouds,35.2267,24.6508,Alexander Hotel - Gerakari
510,nanga eboko,CM,66.78,light rain,4.6833,12.3667,Motel Papi Palace
511,victor harbor,AU,70.68,few clouds,-35.5667,138.6167,McCracken Country Club
512,champa,IN,77.27,clear sky,22.05,82.65,Hotel Jaipuria
514,siverek,TR,66.4,clear sky,37.755,39.3167,Mercan Hotel
515,inhambane,MZ,72.68,broken clouds,-23.865,35.3833,Oceano
518,svaty jur,SK,58.78,scattered clouds,48.2522,17.2154,Hotel Maxim
519,culebra,PR,79.0,clear sky,18.303,-65.301,Palmetto Guesthouse
520,zhangye,CN,59.94,scattered clouds,38.9342,100.4517,Zhangye Lvzhou Holiday Inn
521,benguela,AO,72.01,few clouds,-12.5763,13.4055,Hotel Praia Morena
522,ulma,DE,53.56,few clouds,48.3984,9.9916,Orange Hotel und Apartments
524,hohhot,CN,55.69,clear sky,40.8106,111.6522,Sheraton Hohhot Hotel
525,pocone,BR,76.35,light rain,-16.2567,-56.6228,Hotel e Churrascaria Pantaneira
526,ustka,PL,51.66,scattered clouds,54.5805,16.8619,Hotel Royal Baltic Luxury Boutique
533,konskie,PL,53.24,broken clouds,51.1917,20.4061,Agroturystyka Barycz - Domek Marcel
534,mount gambier,AU,70.43,clear sky,-37.8333,140.7667,The Commodore
535,buchanan,LR,76.6,light rain,5.8808,-10.0467,Kamaneahn Hotel Inc
538,canto do buriti,BR,77.23,clear sky,-8.11,-42.9444,Novo Hotel
544,arroio dos ratos,BR,62.87,overcast clouds,-30.0772,-51.7292,Hotel do Sul
545,sambava,MG,70.66,light rain,-14.2667,50.1667,Melrose
546,ketchikan,US,55.38,heavy intensity rain,55.3422,-131.6461,Snow's Cove Lodge
548,yerkoy,TR,51.28,few clouds,39.6381,34.4672,Yerk√∂y √ñƒüretmenevi
549,ibra,OM,74.61,overcast clouds,22.6906,58.5334,ŸÖÿ≤ÿ±ÿπÿ© ÿ±ÿßÿ≠ÿ© ÿßŸÑŸÜŸÅŸàÿ≥ ÿßŸÑŸÖŸÜÿ≤ŸÅÿ©
551,bonavista,CA,50.59,scattered clouds,48.6499,-53.1147,Sweet Sharons bnb
552,belle fourche,US,55.51,clear sky,44.6714,-103.8522,Super 8 by Wyndham Belle Fourche SD
553,englewood,US,56.64,clear sky,39.6478,-104.9878,InTown Suites Extended Stay Denver CO - Englewood
554,bandarbeyla,SO,77.25,clear sky,9.4942,50.8122,JABIR HOTEL
555,conceicao da barra,BR,74.26,scattered clouds,-18.5933,-39.7322,Cricar√© Praia Hotel
556,sao bento,BR,72.9,clear sky,-6.2833,-37.75,N/A
560,marovoay,MG,69.57,clear sky,-16.1,46.6333,H√¥tel les Oliviers Marovoay
561,bilma,NE,73.17,clear sky,18.6853,12.9164,Expeditions T√©n√©re voyages
564,damghan,IR,57.69,clear sky,36.1683,54.348,ÿÆŸàÿßÿ®⁄ØÿßŸá ÿßÿ≥ÿßÿ™ŸäÿØ ÿØÿßŸÜÿ¥⁄ØÿßŸá ÿØÿßŸÖÿ∫ÿßŸÜ
565,vila,PT,54.48,light rain,42.0304,-8.1588,Hotel Castrum Villae by Walk Hotels
567,ascension,US,51.08,clear sky,30.2169,-90.9001,Highland Inn
568,havelock,US,53.92,clear sky,34.8791,-76.9013,Sherwood Motel
573,lydenburg,ZA,56.1,overcast clouds,-25.0978,30.4597,The Palms Boutique Hotel
574,ukiah,US,70.65,scattered clouds,39.1502,-123.2078,Hampton Inn Ukiah
576,grand gaube,MU,70.2,broken clouds,-20.0064,57.6608,Veranda Paul et Virginie Hotel & Spa
580,sao felix do xingu,BR,74.66,broken clouds,-6.6447,-51.995,Rio Xingu Camping
582,sao joao da barra,BR,73.13,broken clouds,-21.6403,-41.0511,Pousada Porto De Canoas
583,galdar,ES,70.3,clear sky,28.147,-15.6502,Hostel Guide
586,oda,JP,59.77,few clouds,35.1833,132.5,Sky Hotel Oda
588,ngunguru,NZ,62.33,scattered clouds,-35.6167,174.5,Pacific Rendezvous Motel Resort
589,rio grande,BR,63.12,overcast clouds,-32.035,-52.0986,Hotel Atl√¢ntico Rio Grande
591,kikwit,CD,69.42,light rain,-5.041,18.8162,HOTEL PLACE YALABA
592,portland,US,66.2,clear sky,45.5234,-122.6762,Embassy Suites by Hilton Portland Downtown
594,saint-joseph,RE,73.47,few clouds,-21.3667,55.6167,"""Plantation Bed and Breakfast"
595,qurayyat,SA,62.78,clear sky,31.3318,37.3428,Resorts Kandel
596,ixtapa,MX,76.62,scattered clouds,20.7,-105.2,hotel la terminal
597,riyadh,SA,68.14,overcast clouds,24.6877,46.7219,"InterContinental Riyadh, an IHG Hotel"
598,channel-port aux basques,CA,53.29,few clouds,47.5702,-59.1367,St. Christopher's Hotel
599,gladstone,AU,71.78,light rain,-23.85,151.25,Highpoint International Hotel
602,gland,CH,60.91,clear sky,46.4208,6.2701,H√¥tel La Barcarolle
603,trairi,BR,78.33,scattered clouds,-3.2778,-39.2689,janelas do mar
604,novouzensk,RU,50.18,overcast clouds,50.4592,48.1431,Gostinichnyy Domik
605,general roca,AR,59.18,broken clouds,-39.0333,-67.5833,Hotel El Recreo
606,torres,BR,66.83,overcast clouds,-29.3353,-49.7269,Farol Hotel
607,huicheng,CN,71.17,overcast clouds,23.0385,116.2899,Huilai Hotel
608,basoko,CD,71.2,overcast clouds,1.2391,23.616,Jackyna Hotel
611,gamba,GA,76.8,overcast clouds,-2.65,10.0,N/A
613,pindi gheb,PK,74.28,clear sky,33.2402,72.2661,Mohallah Masjid Ghulam shah
615,pita,GN,71.17,overcast clouds,10.8333,-12.5833,N/A
620,sechura,PE,63.21,overcast clouds,-5.5569,-80.8222,Hospedaje Costa Bella
621,bingol,TR,58.05,broken clouds,38.8847,40.4939,Vali Konaƒüƒ±
624,birao,CF,72.16,clear sky,10.2849,22.7882,N/A
626,emerald,AU,78.35,overcast clouds,-23.5333,148.1667,The Irish Village
627,mao,ES,70.36,overcast clouds,39.8885,4.2658,ARTIEM Capri
628,redmond,US,61.48,clear sky,47.674,-122.1215,Seattle Marriott Redmond
631,huilong,CN,63.37,clear sky,31.8111,121.655,Hilton Garden Inn Qidong
634,shakawe,BW,66.78,overcast clouds,-18.3667,21.85,EdenWood Lodge
636,itupeva,BR,68.05,light rain,-23.1531,-47.0578,Itupeva Plaza Hotel
637,arcata,US,62.74,fog,40.8665,-124.0828,"Hampton Inn & Suites Arcata, CA"
639,hobyo,SO,77.56,light rain,5.3505,48.5268,Halane Hotel and Restaurent
640,simitli,BG,54.32,clear sky,41.8833,23.1167,hotel Nice
641,ishigaki,JP,74.68,overcast clouds,24.3448,124.1572,Hotel Peace Land Ishigakijima
644,chipinge,ZW,58.08,overcast clouds,-20.1883,32.6236,Chipinge Breeze Lodge
645,norden,DE,53.96,scattered clouds,53.6,7.2,Hotel Aquarius
647,bekwai,GH,70.36,broken clouds,6.4534,-1.5774,Annex Plaza Hotel
648,oudtshoorn,ZA,61.16,scattered clouds,-33.5907,22.2014,Earthbound Guest House
653,riberalta,BO,74.71,overcast clouds,-10.9833,-66.1,Hotel Colonial
656,ondjiva,AO,71.87,broken clouds,-17.0667,15.7333,COMBUESA
660,mitu,CO,72.48,broken clouds,1.1983,-70.1733,N/A
662,siuna,NI,72.48,overcast clouds,13.7332,-84.7773,hotel los chinitos
663,arua,UG,64.22,overcast clouds,3.0201,30.9111,Golden Courts Hotel
664,salihli,TR,55.72,clear sky,38.4826,28.1477,Ozcelik Hotel
665,micheweni,TZ,74.26,clear sky,-4.9667,39.8333,N/A
666,domoni,KM,73.99,few clouds,-12.2569,44.5319,Al Djadid
668,saint-marc-des-carrieres,CA,51.22,overcast clouds,46.6834,-72.0491,Larguer les samares
669,kasongo-lunda,CD,70.57,overcast clouds,-6.4667,16.8167,N/A
670,berberati,CF,66.94,light rain,4.2612,15.7922,MAIRIE DE BERBERATI
671,tsaratanana,MG,65.14,clear sky,-16.7833,47.65,N/A
672,acarau,BR,78.42,scattered clouds,-2.8856,-40.12,castelo pizzaria
674,aswan,EG,73.56,clear sky,24.0934,32.907,Nuba Nile
