City_ID,City,Country,Lat,Lng,Max Temp,Humidity,Cloudiness,Wind Speed,Current Description
0,kodiak,US,57.79,-152.4072,45.91,81,100,17.27,light rain
1,barrow,US,71.2906,-156.7887,26.62,93,100,16.11,overcast clouds
2,pozo colorado,PY,-23.4923,-58.7972,70.86,86,88,3.71,overcast clouds
3,upernavik,GL,72.7868,-56.1549,25.74,92,100,8.61,light snow
4,oltedal,NO,58.831,6.0466,44.19,95,69,3.74,broken clouds
5,atuona,PF,-9.8,-139.0333,77.16,69,0,13.02,clear sky
6,srednekolymsk,RU,67.45,153.6833,12.56,80,100,20.47,overcast clouds
7,lesosibirsk,RU,58.2358,92.4828,34.05,99,100,1.43,overcast clouds
8,albany,US,42.6001,-73.9662,43.21,87,36,3.65,scattered clouds
9,svetlogorsk,BY,52.6333,29.7333,47.64,92,100,4.92,overcast clouds
10,luderitz,NA,-26.6481,15.1594,61.07,78,4,12.21,clear sky
11,praia da vitoria,PT,38.7333,-27.0667,62.76,82,20,20.71,few clouds
12,walvis bay,NA,-22.9575,14.5053,58.15,94,14,4.61,few clouds
13,bereda,ES,43.2686,-7.5406,60.42,95,100,3.29,overcast clouds
14,port elizabeth,ZA,-33.918,25.5701,68.31,97,100,6.91,overcast clouds
15,dikson,RU,73.5069,80.5464,26.65,89,100,16.91,light snow
16,san carlos de bariloche,AR,-41.1456,-71.3082,53.35,67,0,3.44,clear sky
17,rikitea,PF,-23.1203,-134.9692,69.39,66,0,18.92,clear sky
18,khor,RU,47.8861,134.9464,46.47,42,0,17.87,clear sky
19,hofn,IS,64.2539,-15.2082,43.38,64,45,3.71,scattered clouds
20,jamestown,US,42.097,-79.2353,38.79,89,100,10.36,overcast clouds
21,goderich,CA,43.7501,-81.7165,43.92,93,82,4.61,broken clouds
22,esperance,AU,-33.8667,121.9,69.4,48,0,5.28,clear sky
23,hobart,AU,-42.8794,147.3294,71.91,56,20,10.36,few clouds
24,saskylakh,RU,71.9167,114.0833,25.54,92,100,17.67,overcast clouds
25,punta arenas,CL,-53.15,-70.9167,42.91,65,0,16.11,clear sky
26,novoalekseyevskaya,RU,44.8189,40.9339,48.74,87,0,4.85,clear sky
27,crotone,IT,39.0851,17.1178,63.19,66,0,5.66,clear sky
28,porto novo,BJ,6.4965,2.6036,80.42,86,70,4.23,light rain
29,kalmunai,LK,7.4167,81.8167,81.1,75,100,2.66,overcast clouds
30,hambantota,LK,6.1241,81.1185,82.74,83,100,1.14,overcast clouds
31,hermanus,ZA,-34.4187,19.2345,62.8,94,5,8.48,clear sky
32,cam ranh,VN,11.9214,109.1591,84.16,65,20,1.14,few clouds
33,alexandria,EG,31.2156,29.9553,68.54,72,31,7.4,scattered clouds
34,bathsheba,BB,13.2167,-59.5167,83.01,78,40,12.66,scattered clouds
35,tuktoyaktuk,CA,69.4541,-133.0374,28.4,93,100,3.44,overcast clouds
36,cape town,ZA,-33.9258,18.4232,63.12,91,0,1.14,clear sky
37,busselton,AU,-33.65,115.3333,67.86,54,34,9.55,scattered clouds
38,lahaina,US,20.8783,-156.6825,87.8,84,10,4.5,clear sky
39,lebu,CL,-37.6167,-73.65,50.88,93,71,6.73,broken clouds
40,bredasdorp,ZA,-34.5322,20.0403,59.13,99,30,3.83,scattered clouds
41,moerai,PF,-22.4333,-151.3333,72.41,74,18,20.85,few clouds
42,kodinsk,RU,58.6881,99.1844,34.0,84,100,5.26,overcast clouds
43,port alfred,ZA,-33.5906,26.891,69.19,97,96,4.16,overcast clouds
44,henties bay,NA,-22.116,14.2845,57.24,94,10,4.63,clear sky
45,los llanos de aridane,ES,28.6585,-17.9182,65.95,66,0,7.0,clear sky
46,cherskiy,RU,68.75,161.3,14.49,87,100,10.09,overcast clouds
47,borujerd,IR,33.8973,48.7516,57.29,24,0,6.91,clear sky
48,georgetown,MY,5.4112,100.3354,86.9,77,20,4.61,thunderstorm
49,clarence town,AU,-32.5833,151.7833,75.11,83,100,1.74,light rain
50,homer,US,59.6425,-151.5483,46.29,72,100,11.99,overcast clouds
51,ushuaia,AR,-54.8,-68.3,40.66,75,20,6.91,few clouds
52,fare,PF,-16.7,-151.0167,77.23,79,28,13.09,light rain
53,mopti,ML,14.6667,-4.0,84.2,22,0,5.48,clear sky
54,kibala,TD,9.1104,18.3463,75.15,94,0,4.61,clear sky
55,yellowknife,CA,62.456,-114.3525,37.92,93,20,0.0,few clouds
56,ambilobe,MG,-13.2,49.05,69.39,65,10,3.78,clear sky
57,kruisfontein,ZA,-34.0033,24.7314,65.88,92,97,4.09,overcast clouds
58,mahebourg,MU,-20.4081,57.7,70.09,78,75,6.91,broken clouds
59,kapoeta,SS,4.7717,33.5903,75.31,73,65,4.38,light rain
60,saint-philippe,RE,-21.3585,55.7679,69.39,77,37,9.15,scattered clouds
61,byron bay,AU,-28.65,153.6167,68.94,82,100,9.89,light rain
62,butaritari,KI,3.0707,172.7902,81.34,71,96,15.86,overcast clouds
63,kapaa,US,22.0752,-159.319,84.18,73,40,12.66,scattered clouds
64,torbay,CA,47.6666,-52.7314,52.75,97,100,8.05,light intensity drizzle
65,maragogi,BR,-9.0122,-35.2225,74.32,86,24,10.87,few clouds
66,lokachi,UA,50.737,24.6494,50.76,93,100,9.46,overcast clouds
67,narsaq,GL,60.9167,-46.05,35.82,93,100,10.78,light rain
68,vostok,RU,46.4856,135.8833,40.33,45,6,13.31,clear sky
69,pocatello,US,42.8713,-112.4455,60.48,35,0,8.99,clear sky
70,poum,NC,-20.2333,164.0167,77.32,74,90,9.62,overcast clouds
71,vaini,TO,-21.2,-175.2,77.16,88,75,2.3,broken clouds
72,codrington,AU,-38.2667,141.9667,66.83,66,1,7.65,clear sky
73,nikolskoye,RU,59.7035,30.7861,42.69,94,100,5.53,overcast clouds
74,puerto ayora,EC,-0.7393,-90.3518,67.55,90,32,3.0,scattered clouds
75,santo antonio do ica,BR,-3.1022,-67.9397,74.46,96,100,1.57,overcast clouds
76,camana,PE,-16.6228,-72.7111,62.44,81,48,6.76,scattered clouds
77,tandalti,SD,13.0167,31.8667,82.98,50,64,6.76,broken clouds
78,port-cartier,CA,50.0334,-66.8654,48.42,97,100,13.73,moderate rain
79,hilo,US,19.7297,-155.09,83.28,80,20,5.75,few clouds
80,catanduva,BR,-21.1378,-48.9728,71.47,67,99,11.92,overcast clouds
81,sitka,US,57.0531,-135.33,55.29,94,100,13.8,light rain
82,hami,CN,42.8,93.45,61.56,17,73,10.85,broken clouds
83,mataura,NZ,-46.1927,168.8643,56.48,43,100,9.42,light rain
84,new norfolk,AU,-42.7826,147.0587,72.57,35,56,3.0,broken clouds
85,tricase,IT,39.9304,18.3553,58.35,90,0,11.27,clear sky
86,gornopravdinsk,RU,60.05,69.9,40.17,88,100,8.16,overcast clouds
87,port lincoln,AU,-34.7333,135.8667,66.96,60,0,12.15,clear sky
88,pierre,US,44.3683,-100.351,38.28,41,0,4.0,clear sky
89,horsham,GB,51.064,-0.3272,55.92,91,0,10.36,clear sky
90,comodoro rivadavia,AR,-45.8667,-67.5,66.06,24,0,10.36,clear sky
91,lagoa,PT,39.05,-27.9833,64.49,56,99,31.45,overcast clouds
92,bluff,NZ,-46.6,168.3333,56.8,64,100,20.49,light rain
93,vestmannaeyjar,IS,63.4427,-20.2734,44.65,74,100,15.23,overcast clouds
94,pangnirtung,CA,66.1451,-65.7125,13.93,78,3,9.95,clear sky
95,palmer,US,42.1584,-72.3287,44.51,87,0,0.0,clear sky
96,guadalupe y calvo,MX,26.1,-106.9667,49.69,90,1,5.41,clear sky
97,monitos,CO,8.25,-76.05,75.33,94,100,4.68,overcast clouds
98,honiara,SB,-9.4333,159.95,87.57,62,29,4.68,scattered clouds
99,kavaratti,IN,10.5669,72.642,82.02,71,96,17.02,light rain
100,avarua,CK,-21.2078,-159.775,77.05,61,40,19.57,scattered clouds
101,okhotsk,RU,59.3833,143.3,28.53,39,1,23.82,clear sky
102,mareeba,AU,-17.0,145.4333,89.44,54,8,10.07,clear sky
103,detchino,RU,54.8092,36.3075,50.45,95,100,1.54,overcast clouds
104,askino,RU,56.0901,56.5783,40.96,94,100,7.0,overcast clouds
105,puerto madero,MX,14.7208,-92.4215,79.93,80,100,6.87,overcast clouds
106,flinders,AU,-34.5833,150.8552,73.06,74,85,10.71,moderate rain
107,uberaba,BR,-19.7483,-47.9319,73.98,68,0,6.91,clear sky
108,gasa,PS,31.5,34.4667,70.05,71,1,2.84,clear sky
109,ugoofaaru,MV,5.6667,73.0,81.57,76,100,16.64,overcast clouds
110,panaba,MX,21.2833,-88.2667,75.72,92,100,5.19,overcast clouds
111,lompoc,US,34.6391,-120.4579,69.01,76,0,0.0,clear sky
112,helong,CN,42.5397,128.9972,49.15,32,0,6.91,clear sky
113,ushi,AM,40.3487,44.3725,41.7,69,0,2.93,clear sky
114,pascagoula,US,30.3658,-88.5561,51.85,61,0,4.61,clear sky
115,iqaluit,CA,63.7506,-68.5145,22.73,79,100,11.5,overcast clouds
116,jalu,LY,29.0331,21.5482,68.04,62,81,6.93,broken clouds
117,tautira,PF,-17.7333,-149.15,75.88,83,17,12.77,light rain
118,chokurdakh,RU,70.6333,147.9167,5.49,98,96,4.05,overcast clouds
119,mattru,SL,7.6244,-11.8332,72.55,98,91,2.39,overcast clouds
120,san patricio,US,28.017,-97.5169,67.84,28,96,7.18,overcast clouds
121,urbana,US,40.1106,-88.2073,42.51,53,0,11.01,clear sky
122,el alto,PE,-4.2714,-81.2147,62.08,81,86,11.92,overcast clouds
123,thompson,CA,55.7435,-97.8558,39.36,60,75,6.91,broken clouds
124,chuy,UY,-33.6971,-53.4616,60.48,91,100,11.54,overcast clouds
125,montijo,PT,38.7067,-8.9739,69.71,86,75,21.85,broken clouds
126,ponta do sol,PT,32.6667,-17.1,73.71,83,100,11.3,light rain
127,salinopolis,BR,-0.6136,-47.3561,80.87,78,95,13.38,overcast clouds
128,shaowu,CN,27.3409,117.4831,71.71,24,22,3.96,few clouds
129,khatanga,RU,71.9667,102.5,12.76,88,59,12.97,broken clouds
130,banda aceh,ID,5.5577,95.3222,81.77,76,99,15.14,overcast clouds
131,beringovskiy,RU,63.05,179.3167,37.38,97,100,43.28,moderate rain
132,batagay,RU,67.6333,134.6333,6.89,86,42,3.33,scattered clouds
133,big bend,SZ,-26.8167,31.9333,73.49,83,92,2.3,overcast clouds
134,khandbari,NP,27.3747,87.2039,68.25,45,0,1.88,clear sky
135,jumla,NP,29.2747,82.1838,53.24,46,2,1.74,clear sky
136,aitape,PG,-3.1374,142.3475,80.83,82,100,3.22,overcast clouds
137,axim,GH,4.8699,-2.2405,76.14,90,49,3.85,light rain
138,bani walid,LY,31.7566,13.9942,62.53,79,1,6.13,clear sky
139,thunder bay,CA,48.4001,-89.3168,37.38,60,75,11.5,broken clouds
140,puerto penasco,MX,31.3167,-113.5333,83.07,52,11,11.7,few clouds
141,hithadhoo,MV,-0.6,73.0833,81.16,72,100,8.68,overcast clouds
142,narragansett,US,41.4501,-71.4495,52.45,73,40,10.36,scattered clouds
143,tasiilaq,GL,65.6145,-37.6368,37.56,89,68,1.95,broken clouds
144,fortuna,US,40.5982,-124.1573,54.93,85,84,4.14,broken clouds
145,severo-kurilsk,RU,50.6789,156.125,41.94,68,47,33.13,light rain
146,clyde river,CA,70.4692,-68.5914,16.03,79,20,6.91,few clouds
147,bisira,PA,8.5196,-81.7115,60.37,98,100,2.57,overcast clouds
148,virginia beach,US,36.8529,-75.978,51.82,67,20,5.75,few clouds
149,mastic beach,US,40.7668,-72.8521,51.98,75,0,5.75,clear sky
150,bambous virieux,MU,-20.3428,57.7575,70.05,78,75,6.91,broken clouds
151,bengkulu,ID,-3.8004,102.2655,79.3,80,99,5.46,overcast clouds
152,imbituba,BR,-28.24,-48.6703,70.86,93,100,2.37,overcast clouds
153,saldanha,ZA,-33.0117,17.9442,55.45,95,17,2.66,few clouds
154,korhogo,CI,9.45,-5.6333,72.41,83,13,3.53,few clouds
155,zyryanka,RU,65.75,150.85,15.75,91,100,23.26,light snow
156,ventspils,LV,57.3894,21.5606,48.13,66,40,14.97,scattered clouds
157,beloha,MG,-25.1667,45.05,67.12,79,27,10.6,scattered clouds
158,romitan,UZ,39.9343,64.3814,51.75,66,20,6.91,few clouds
159,berlevag,NO,70.8578,29.0864,39.2,87,75,19.57,broken clouds
160,leningradskiy,RU,69.3833,178.4167,15.15,85,100,8.12,overcast clouds
161,pinega,RU,64.7001,43.3936,35.44,97,71,8.88,broken clouds
162,rocha,UY,-34.4833,-54.3333,59.5,91,100,11.1,overcast clouds
163,norman wells,CA,65.282,-126.8329,39.24,87,75,6.91,broken clouds
164,raga,SS,8.4596,25.678,68.83,81,71,2.46,broken clouds
165,arraial do cabo,BR,-22.9661,-42.0278,72.01,91,98,16.73,overcast clouds
166,talnakh,RU,69.4865,88.3972,33.21,99,100,9.24,light snow
167,pevek,RU,69.7008,170.3133,17.31,87,100,3.06,overcast clouds
168,provideniya,RU,64.3833,-173.3,32.36,93,100,15.99,overcast clouds
169,cabo san lucas,MX,22.8909,-109.9124,79.52,72,23,1.99,few clouds
170,north bend,US,43.4065,-124.2243,58.91,94,0,17.27,clear sky
171,kirakira,SB,-10.4544,161.9205,85.33,70,31,6.29,scattered clouds
172,mana,GF,5.6592,-53.7767,78.49,88,100,10.38,overcast clouds
173,bambanglipuro,ID,-7.95,110.2833,79.66,80,100,4.72,overcast clouds
174,pacific grove,US,36.6177,-121.9166,68.65,79,0,5.01,clear sky
175,nemuro,JP,43.3236,145.575,51.26,54,15,10.33,few clouds
176,qaanaaq,GL,77.484,-69.3632,4.8,81,96,6.51,overcast clouds
177,guanica,PR,17.9716,-66.908,80.98,85,0,5.66,clear sky
178,tuatapere,NZ,-46.1333,167.6833,52.84,62,100,9.64,light rain
179,husavik,IS,66.0449,-17.3389,33.33,79,10,10.36,clear sky
180,paldiski,EE,59.3567,24.0531,41.25,75,75,8.05,broken clouds
181,sidi ali,DZ,36.0998,0.4206,75.25,46,90,3.56,overcast clouds
182,fergus falls,US,46.283,-96.0776,28.47,59,0,3.44,clear sky
183,alofi,NU,-19.0595,-169.9187,82.29,65,75,8.05,broken clouds
184,nishihara,JP,26.1842,127.7558,76.66,71,100,25.32,overcast clouds
185,luena,AO,-11.7833,19.9167,61.25,93,100,2.82,light rain
186,port macquarie,AU,-31.4333,152.9167,71.89,79,100,5.12,light rain
187,carlsbad,US,33.1581,-117.3506,83.35,63,0,6.91,clear sky
188,kismayo,SO,-0.3582,42.5454,77.88,68,92,13.2,overcast clouds
189,makakilo city,US,21.3469,-158.0858,82.15,65,75,12.66,broken clouds
190,acapulco,MX,16.8634,-99.8901,78.08,88,100,6.96,moderate rain
191,bar harbor,US,44.3876,-68.2039,62.28,91,100,16.11,overcast clouds
192,bonfim,BR,3.0833,-59.95,76.96,85,63,5.01,light rain
193,puerto escondido,MX,15.85,-97.0667,78.24,83,100,18.37,overcast clouds
194,geraldton,AU,-28.7667,114.6,81.01,36,0,8.05,clear sky
195,asyut,EG,27.181,31.1837,67.37,45,32,6.76,scattered clouds
196,nanortalik,GL,60.1432,-45.2371,41.43,91,100,14.07,light rain
197,aden,YE,12.7794,45.0367,82.45,59,45,7.07,scattered clouds
198,airai,TL,-8.9266,125.4092,76.96,56,100,1.32,overcast clouds
199,ayagoz,KZ,47.9714,80.4392,37.89,68,9,2.91,clear sky
200,east london,ZA,-33.0153,27.9116,69.58,90,100,11.65,overcast clouds
201,saint-augustin,CA,51.226,-58.6502,48.88,86,100,6.87,overcast clouds
202,nitra,SK,48.3076,18.0845,55.63,65,30,7.02,scattered clouds
203,itarema,BR,-2.9248,-39.9167,78.28,83,44,17.2,scattered clouds
204,elliot lake,CA,46.3834,-82.6331,34.75,96,100,10.0,overcast clouds
205,nioro,GM,13.35,-15.75,72.93,87,100,4.65,overcast clouds
206,tiksi,RU,71.6872,128.8694,12.9,88,100,7.58,overcast clouds
207,cuamba,MZ,-14.8031,36.5372,68.13,68,12,2.8,few clouds
208,orebro,SE,59.2741,15.2066,39.38,75,20,6.91,few clouds
209,coquimbo,CL,-29.9533,-71.3436,53.33,87,0,5.75,clear sky
210,barreirinhas,BR,-2.7469,-42.8264,78.46,80,9,12.71,clear sky
211,dingle,PH,10.9995,122.6711,85.48,74,70,8.23,broken clouds
212,kahului,US,20.8947,-156.47,87.82,68,40,9.22,scattered clouds
213,thiruvananthapuram,IN,8.4833,76.9167,80.58,78,75,4.61,haze
214,maniitsoq,GL,65.4167,-52.9,35.58,99,100,16.15,moderate rain
215,garissa,KE,-0.4536,39.6401,72.28,87,17,10.65,few clouds
216,paciran,ID,-6.8767,112.3761,83.91,70,100,1.95,light rain
217,turayf,SA,31.6725,38.6637,64.65,48,0,6.91,clear sky
218,viedma,AR,-40.8135,-62.9967,54.82,76,21,13.42,few clouds
219,reykjavik,IS,64.1355,-21.8954,41.18,93,100,9.22,drizzle
220,biysk,RU,52.5364,85.2072,37.56,93,99,9.48,overcast clouds
221,touros,BR,-5.1989,-35.4608,77.32,77,32,15.64,scattered clouds
222,fowa,NG,8.9167,6.4,73.45,76,98,1.41,overcast clouds
223,floro,NO,61.5996,5.0328,41.97,87,100,6.91,overcast clouds
224,sur,OM,22.5667,59.5289,82.26,33,100,1.77,overcast clouds
225,faya,SA,18.3851,42.4509,51.91,32,3,4.41,clear sky
226,ulaangom,MN,49.9811,92.0667,40.06,62,80,9.73,broken clouds
227,vila franca do campo,PT,37.7167,-25.4333,63.01,69,77,21.23,light rain
228,victoria,HK,22.2855,114.1577,77.05,51,99,5.01,overcast clouds
229,bafia,CM,4.75,11.2333,67.71,96,100,0.72,overcast clouds
230,mogzon,RU,51.7435,111.9606,42.22,48,6,10.47,clear sky
231,yurginskoye,RU,56.8189,67.3921,40.62,77,100,9.84,overcast clouds
232,dinguiraye,GN,11.3,-10.7167,70.45,83,10,2.82,clear sky
233,avera,US,33.194,-82.5271,46.45,42,0,9.55,clear sky
234,buraydah,SA,26.326,43.975,64.85,15,100,6.62,overcast clouds
235,castro,BR,-24.7911,-50.0119,57.97,99,100,3.65,light rain
236,belmonte,BR,-15.8631,-38.8828,73.4,82,0,5.28,clear sky
237,teguise,ES,29.0605,-13.564,64.62,77,0,2.3,clear sky
238,carutapera,BR,-1.195,-46.02,79.48,79,12,9.71,few clouds
239,chuchkovo,RU,54.2693,41.4465,44.49,89,100,3.4,overcast clouds
240,kaitangata,NZ,-46.2817,169.8464,59.11,44,100,8.5,overcast clouds
241,gazanjyk,TM,39.2446,55.5154,50.29,81,0,6.22,clear sky
242,oksfjord,NO,70.2396,22.3479,41.18,96,100,17.81,light rain
243,katsuura,JP,35.1333,140.3,57.72,82,100,16.08,overcast clouds
244,the valley,AI,18.217,-63.0578,82.26,72,12,13.13,few clouds
245,ulaanbaatar,MN,47.9077,106.8832,33.93,40,75,2.24,broken clouds
246,raudeberg,NO,61.9875,5.1352,40.87,1,80,8.52,broken clouds
247,ancud,CL,-41.8697,-73.8203,47.17,94,15,3.06,few clouds
248,biltine,TD,14.5333,20.9167,77.65,26,0,7.72,clear sky
249,jucas,BR,-6.5253,-39.5275,79.7,58,66,6.02,broken clouds
250,hamilton,US,39.1834,-84.5333,38.98,87,100,18.41,overcast clouds
251,punta alta,AR,-38.8759,-62.0736,62.04,64,83,9.57,broken clouds
252,ribeira grande,PT,38.5167,-28.7,62.78,64,99,7.0,overcast clouds
253,stabat,ID,3.761,98.4513,84.4,62,59,2.91,broken clouds
254,constitucion,CL,-35.3333,-72.4167,49.64,86,2,3.09,clear sky
255,arkadelphia,US,34.1209,-93.0538,43.77,65,0,0.0,clear sky
256,camacupa,AO,-12.0167,17.4833,61.12,85,84,1.28,broken clouds
257,kyra,RU,49.5776,111.9753,46.8,35,55,4.88,broken clouds
258,iwaki,JP,37.05,140.8833,65.01,43,14,5.01,few clouds
259,huarmey,PE,-10.0681,-78.1522,61.72,85,20,8.43,few clouds
260,boende,CD,-0.2167,20.8667,70.25,98,98,1.54,overcast clouds
261,pangody,RU,65.85,74.4859,39.2,93,100,17.52,overcast clouds
262,nieuwpoort,BE,51.1244,2.7735,52.09,90,0,13.8,clear sky
263,pisco,PE,-13.7,-76.2167,59.05,88,100,14.97,overcast clouds
264,udachnyy,RU,66.4167,112.4,17.46,85,91,6.26,overcast clouds
265,klaksvik,FO,62.2266,-6.589,43.72,65,86,5.99,overcast clouds
266,saint anthony,US,45.0205,-93.218,34.14,57,0,5.75,clear sky
267,vila velha,BR,-20.3297,-40.2925,73.35,93,75,4.61,broken clouds
268,glendive,US,47.1053,-104.7125,55.18,55,0,1.99,clear sky
269,mandalgovi,MN,45.7625,106.2708,51.33,19,14,9.13,few clouds
270,bethel,US,41.3712,-73.414,46.76,79,0,4.61,clear sky
271,vung tau,VN,10.346,107.0843,82.17,74,23,11.56,heavy intensity rain
272,solnechnyy,RU,50.7214,136.6319,43.52,36,0,1.05,clear sky
273,tessalit,ML,20.1986,1.0114,77.83,25,8,9.66,clear sky
274,west wendover,US,40.7391,-114.0733,62.56,24,97,2.37,overcast clouds
275,mundi,IN,22.0667,76.5,74.43,67,2,7.47,clear sky
276,moissala,TD,8.3404,17.7663,70.05,94,71,2.51,light rain
277,carnarvon,AU,-24.8667,113.6333,73.96,61,0,10.83,clear sky
278,lavrentiya,RU,65.5833,-171.0,29.55,79,100,7.2,overcast clouds
279,saint-pierre,RE,-21.3393,55.4781,74.57,73,20,5.75,few clouds
280,fairbanks,US,64.8378,-147.7164,37.98,83,40,0.0,scattered clouds
281,saint george,US,37.1041,-113.5841,77.59,25,0,0.0,clear sky
282,mar del plata,AR,-38.0023,-57.5575,59.09,92,0,11.99,clear sky
283,artesia,US,33.8658,-118.0831,83.89,63,0,6.91,clear sky
284,caravelas,BR,-17.7125,-39.2481,72.86,84,51,5.5,broken clouds
285,kollam,IN,8.8833,76.6,77.65,87,100,6.6,overcast clouds
286,pietroasa,RO,46.5833,22.55,50.49,74,4,2.8,clear sky
287,magadan,RU,59.5667,150.8,27.54,52,100,26.66,overcast clouds
288,alyangula,AU,-13.8483,136.4192,86.94,62,9,11.14,clear sky
289,yurimaguas,PE,-5.9,-76.0833,73.08,99,100,1.59,overcast clouds
290,umm lajj,SA,25.0213,37.2685,79.59,62,0,0.94,clear sky
291,general pico,AR,-35.6566,-63.7568,56.79,81,8,6.42,clear sky
292,monrovia,LR,6.3005,-10.7969,75.92,87,72,3.04,moderate rain
293,miri,MY,4.4148,114.0089,78.94,94,40,4.61,scattered clouds
294,rio gallegos,AR,-51.6226,-69.2181,44.65,57,0,2.3,clear sky
295,mindelo,CV,16.8901,-24.9804,78.35,83,40,19.57,scattered clouds
296,kiama,AU,-34.6833,150.8667,73.26,73,78,11.16,broken clouds
297,grand-santi,GF,4.25,-54.3833,74.28,90,93,2.91,overcast clouds
298,san quintin,MX,30.4833,-115.95,69.13,82,49,4.65,scattered clouds
299,tura,IN,25.5198,90.2201,78.69,57,0,3.96,clear sky
300,sinnamary,GF,5.3833,-52.95,78.26,90,100,10.49,overcast clouds
301,smithers,CA,54.7804,-127.1743,59.32,58,75,8.05,broken clouds
302,longyearbyen,SJ,78.2186,15.6401,16.3,73,76,8.99,broken clouds
303,galle,LK,6.0367,80.217,79.05,87,99,14.29,overcast clouds
304,koulikoro,ML,14.0,-7.75,78.62,42,0,4.88,clear sky
305,zheleznogorsk,RU,52.331,35.3711,48.02,77,100,9.64,overcast clouds
306,faranah,GN,10.0404,-10.7434,69.4,86,2,1.39,clear sky
307,black diamond,US,47.3087,-122.0032,60.44,82,0,1.01,clear sky
308,polunochnoye,RU,60.8697,60.4153,35.64,91,100,4.79,overcast clouds
309,devonport,AU,-41.1667,146.35,65.08,62,1,11.74,clear sky
310,sabaudia,IT,41.3003,13.0282,68.47,71,0,3.58,clear sky
311,laguna,US,38.421,-121.4238,75.49,52,0,0.0,clear sky
312,baruun-urt,MN,46.6806,113.2792,51.48,17,13,10.54,few clouds
313,odweyne,SO,9.4092,45.064,66.83,71,24,1.14,few clouds
314,port-gentil,GA,-0.7193,8.7815,75.74,94,100,7.52,moderate rain
315,muros,ES,42.7762,-9.0603,65.08,91,100,23.47,moderate rain
316,kidal,ML,18.4411,1.4078,77.29,25,2,11.23,clear sky
317,kurumkan,RU,54.3,110.3,41.68,72,75,5.68,light rain
318,onega,RU,63.9061,38.1404,38.57,89,95,10.45,overcast clouds
319,nhulunbuy,AU,-12.2333,136.7667,92.01,55,40,9.22,scattered clouds
320,tucuman,AR,-26.8241,-65.2226,59.0,94,100,4.61,overcast clouds
321,yar-sale,RU,66.8333,70.8333,39.16,92,100,15.19,overcast clouds
322,male,MV,4.1748,73.5089,82.35,78,75,16.11,broken clouds
323,san luis,AR,-33.295,-66.3356,54.39,83,100,5.59,overcast clouds
324,qobustan,AZ,40.0824,49.412,60.08,79,42,8.59,scattered clouds
325,mayya,RU,61.7333,130.2811,22.32,87,100,5.1,overcast clouds
326,victorville,US,34.5361,-117.2912,76.42,33,1,8.21,clear sky
327,lapeer,US,43.0514,-83.3188,41.0,80,100,5.75,overcast clouds
328,port keats,AU,-14.25,129.55,90.03,58,92,8.59,overcast clouds
329,souillac,MU,-20.5167,57.5167,70.18,78,75,6.91,broken clouds
330,nichinan,JP,31.6,131.3667,69.48,53,1,9.55,clear sky
331,tadine,NC,-21.55,167.8833,75.65,69,69,14.2,broken clouds
332,aguimes,ES,27.9054,-15.4461,68.63,83,0,11.99,clear sky
333,itacarambi,BR,-15.1022,-44.0919,74.46,48,17,2.57,few clouds
334,mwense,ZM,-10.3845,28.698,66.51,39,72,1.68,broken clouds
335,pachora,IN,20.6667,75.35,79.18,76,73,6.71,broken clouds
336,jining,CN,35.405,116.5814,64.4,20,0,8.25,clear sky
337,ayr,GB,55.4627,-4.6339,46.98,81,0,11.5,clear sky
338,santa cruz de la palma,ES,28.6835,-17.7642,69.94,60,0,4.61,clear sky
339,yellandu,IN,17.6,80.3333,77.4,87,99,1.48,overcast clouds
340,faanui,PF,-16.4833,-151.75,77.47,78,30,13.67,light rain
341,kirensk,RU,57.7853,108.1119,34.97,76,100,7.63,overcast clouds
342,rizhao,CN,35.4275,119.4553,61.2,31,0,6.04,clear sky
343,kholtoson,RU,50.2981,103.3097,39.47,44,100,2.35,overcast clouds
344,kwinana,AU,-32.25,115.7667,84.16,41,12,11.74,few clouds
345,biak,ID,-0.9131,122.8766,84.34,69,90,1.86,heavy intensity rain
346,xining,CN,36.6167,101.7667,50.7,34,100,1.07,overcast clouds
347,camacha,PT,33.0833,-16.3333,69.22,83,20,12.66,few clouds
348,mount isa,AU,-20.7333,139.5,89.37,35,0,17.27,clear sky
349,russell,US,32.3502,-85.1999,45.68,65,0,5.75,clear sky
350,ciocarlia,RO,44.1,28.2833,49.03,86,3,5.53,clear sky
351,jacksonville,US,30.3322,-81.6556,60.91,41,0,13.8,clear sky
352,ivanivka,UA,46.7208,34.553,47.28,64,10,2.75,clear sky
353,meridian,US,43.6121,-116.3915,61.72,53,0,0.0,clear sky
354,eureka,US,40.8021,-124.1637,61.66,86,52,4.03,broken clouds
355,uray,RU,60.1247,64.7758,39.69,91,100,8.79,overcast clouds
356,nanakuli,US,21.3906,-158.1547,83.57,61,75,10.36,broken clouds
357,lubao,PH,14.9167,120.55,89.31,69,91,4.07,light rain
358,langham,CA,52.3668,-106.9679,48.04,37,83,7.7,broken clouds
359,casablanca,MA,33.5928,-7.6192,75.33,64,96,4.0,overcast clouds
360,tommot,RU,58.9564,126.2925,32.29,93,100,8.37,light snow
361,osa,RU,57.2829,55.4567,39.92,92,100,2.51,overcast clouds
362,karachi,PK,24.9056,67.0822,73.22,88,20,0.0,mist
363,zhigansk,RU,66.7697,123.3711,19.6,94,100,9.15,light snow
364,kendari,ID,-3.945,122.4989,86.7,65,39,6.71,scattered clouds
365,port blair,IN,11.6667,92.75,78.84,89,100,11.5,very heavy rain
366,igrim,RU,63.1906,64.4162,38.79,88,99,8.05,overcast clouds
367,mackay,AU,-21.15,149.2,81.68,65,88,10.0,overcast clouds
368,sioux lookout,CA,50.1001,-91.917,24.87,93,20,0.0,few clouds
369,berdigestyakh,RU,62.0989,126.6992,29.03,89,100,6.04,overcast clouds
370,inuvik,CA,68.3499,-133.7218,27.61,100,100,3.44,light snow
371,olafsvik,IS,64.8945,-23.7142,44.13,82,100,15.3,overcast clouds
372,penhold,CA,52.1334,-113.8687,59.74,37,0,3.44,clear sky
373,ashington,GB,50.9331,-0.3909,56.82,86,98,1.01,overcast clouds
374,ilo,PE,-17.6394,-71.3375,60.76,84,33,5.57,scattered clouds
375,rawson,AR,-43.3002,-65.1023,69.15,36,3,26.73,clear sky
376,aklavik,CA,68.2191,-135.0107,24.6,97,85,2.17,overcast clouds
377,daru,PG,-9.0763,143.2092,84.72,73,99,7.43,overcast clouds
378,broome,US,42.2506,-75.833,39.0,78,94,3.0,overcast clouds
379,ha giang,VN,22.8333,104.9833,75.34,38,98,2.44,overcast clouds
380,ponta delgada,PT,37.7333,-25.6667,63.32,63,40,26.46,scattered clouds
381,galeana,MX,24.8333,-100.0667,46.4,98,100,4.12,overcast clouds
382,bria,CF,6.5423,21.9863,68.16,97,99,2.28,overcast clouds
383,namibe,AO,-15.1961,12.1522,64.47,85,25,6.11,scattered clouds
384,ndago,TZ,-4.6,34.35,65.08,60,57,9.15,broken clouds
385,trenggalek,ID,-8.05,111.7167,78.1,90,100,2.53,overcast clouds
386,alihe,CN,50.5667,123.7167,45.72,25,93,6.62,overcast clouds
387,goya,AR,-29.14,-59.2626,62.87,89,3,5.68,clear sky
388,korla,CN,41.7597,86.1469,59.88,18,70,8.1,broken clouds
389,dunedin,NZ,-45.8742,170.5036,55.8,67,100,10.0,overcast clouds
390,kumluca,TR,36.3703,30.2869,70.45,60,41,5.01,scattered clouds
391,mandiana,GN,10.6333,-8.6833,73.81,71,1,2.82,clear sky
392,pithoragarh,IN,29.5833,80.2167,53.28,74,0,2.39,clear sky
393,hasaki,JP,35.7333,140.8333,59.4,59,100,17.58,overcast clouds
394,little current,CA,45.9793,-81.9248,40.41,92,99,13.89,overcast clouds
395,ust-tsilma,RU,65.441,52.1498,36.91,79,95,10.51,overcast clouds
396,cidreira,BR,-30.1811,-50.2056,64.54,96,100,11.81,overcast clouds
397,burnie,AU,-41.0667,145.9167,64.09,58,1,13.02,clear sky
398,nizwa,OM,22.9333,57.5333,76.15,19,74,2.3,broken clouds
399,kuusamo,FI,65.9667,29.1833,32.04,93,75,8.05,broken clouds
400,pochutla,MX,15.7432,-96.4661,71.82,94,100,9.84,light rain
401,nome,US,64.5011,-165.4064,35.17,95,100,4.99,overcast clouds
402,aykhal,RU,66.0,111.5,13.73,95,94,4.27,overcast clouds
403,cayenne,GF,4.9333,-52.3333,77.04,94,20,0.0,few clouds
404,prince rupert,CA,54.3161,-130.3201,56.89,82,100,27.63,moderate rain
405,xiongyue,CN,40.1774,122.1228,61.11,49,0,15.75,clear sky
406,bridlington,GB,54.0831,-0.1919,52.9,83,100,13.33,overcast clouds
407,isangel,VU,-19.55,169.2667,84.31,79,75,9.22,broken clouds
408,looc,PH,12.2605,121.9926,85.44,68,77,4.18,broken clouds
409,chirnogeni,RO,43.9,28.2333,49.15,86,1,5.61,clear sky
410,kolyvan,RU,55.3053,82.7391,35.22,91,91,8.57,overcast clouds
411,murakami,JP,38.2333,139.4833,62.49,57,97,7.74,overcast clouds
412,aginskoye,RU,51.1,114.53,44.53,46,21,19.33,few clouds
413,constantine,DZ,36.365,6.6147,58.41,72,0,0.0,clear sky
414,kinsale,IE,51.7075,-8.5306,58.37,100,75,20.71,broken clouds
415,acajutla,SV,13.5928,-89.8275,78.69,86,97,5.99,overcast clouds
416,olavarria,AR,-36.8927,-60.3225,56.01,82,49,9.8,scattered clouds
417,olinda,BR,-8.0089,-34.8553,78.53,73,40,10.36,scattered clouds
418,waipawa,NZ,-41.4122,175.5153,50.05,84,95,2.55,overcast clouds
419,parau,NZ,-36.9672,174.6141,64.35,56,40,20.71,scattered clouds
420,bintulu,MY,3.1667,113.0333,81.01,88,40,3.44,scattered clouds
421,ichinohe,JP,40.2069,141.3017,55.08,59,42,13.22,scattered clouds
422,jacareacanga,BR,-6.2222,-57.7528,71.69,96,89,2.57,overcast clouds
423,manaus,BR,-3.1019,-60.025,81.09,83,0,4.61,clear sky
424,huntington,US,38.4193,-82.4452,42.98,64,85,8.99,overcast clouds
425,lorengau,PG,-2.0226,147.2712,85.23,63,94,11.41,overcast clouds
426,kysyl-syr,RU,63.8986,122.7617,27.48,91,100,2.37,overcast clouds
427,denia,ES,38.8408,0.1057,71.74,91,69,1.99,broken clouds
428,venice,US,27.0998,-82.4543,73.0,71,100,7.0,overcast clouds
429,maxixe,MZ,-23.8597,35.3472,71.67,81,62,8.03,broken clouds
430,aguas vermelhas,BR,-15.7472,-41.46,62.24,89,0,4.54,clear sky
431,seoul,KR,37.5683,126.9778,56.77,38,0,4.61,clear sky
432,lucapa,AO,-8.4192,20.7447,63.99,95,64,2.1,broken clouds
433,maringa,BR,-23.4253,-51.9386,69.67,83,0,5.75,clear sky
434,kutum,SD,14.2,24.6667,69.22,30,0,7.49,clear sky
435,masallatah,LY,32.6167,14.0,66.94,70,4,7.99,light rain
436,thayetmyo,MM,19.3167,95.1833,82.18,77,17,5.84,few clouds
437,three hills,CA,51.7001,-113.2686,49.39,36,9,3.44,clear sky
438,natal,BR,-5.795,-35.2094,77.22,78,40,13.8,scattered clouds
439,avila,ES,40.5833,-5.0,51.66,75,60,8.5,broken clouds
440,campo grande,BR,-20.4428,-54.6464,69.35,78,75,14.97,broken clouds
441,miranda,CO,3.2499,-76.2281,68.13,97,100,0.69,overcast clouds
442,eyl,SO,7.9803,49.8164,77.94,80,6,7.29,clear sky
443,la sarre,CA,48.8002,-79.1996,37.67,98,100,8.37,overcast clouds
444,hervey bay,AU,-25.2986,152.8535,71.02,91,100,5.99,light rain
445,boqueirao,BR,-7.5,-36.1333,72.95,91,32,9.86,scattered clouds
446,kailua,US,21.4022,-157.7394,83.61,70,22,6.06,few clouds
447,la ronge,CA,55.1001,-105.2842,53.85,50,0,6.91,clear sky
448,kavieng,PG,-2.5744,150.7967,85.39,64,79,11.63,broken clouds
449,poopo,BO,-18.3667,-66.9667,48.65,52,45,3.94,scattered clouds
450,saquena,PE,-4.6667,-73.5167,74.01,97,100,2.24,overcast clouds
451,jamshedpur,IN,22.8,86.1833,73.22,100,40,0.0,fog
452,hampton,US,37.0299,-76.3452,51.82,71,0,9.22,clear sky
453,duluth,US,46.7833,-92.1066,33.35,67,0,11.5,clear sky
454,flin flon,CA,54.7682,-101.865,44.49,56,100,4.27,overcast clouds
455,arman,RU,59.7,150.1667,28.02,40,100,14.58,overcast clouds
456,kaeo,NZ,-35.1,173.7833,67.32,54,6,10.33,clear sky
457,ludvika,SE,60.1496,15.1878,36.34,76,37,7.02,scattered clouds
458,alugan,PH,12.2188,125.4808,84.85,69,100,5.91,overcast clouds
459,chapais,CA,49.7834,-74.8492,40.78,92,96,8.16,overcast clouds
460,sunbury,AU,-37.5833,144.7333,73.38,42,0,12.66,clear sky
461,nakhon phanom,TH,17.3333,104.4167,80.28,44,86,8.39,overcast clouds
462,ahipara,NZ,-35.1667,173.1667,60.49,57,5,12.59,clear sky
463,egvekinot,RU,66.3167,-179.1667,21.34,95,100,10.6,light snow
464,salalah,OM,17.0151,54.0924,74.93,58,7,3.2,clear sky
465,fort nelson,CA,58.8053,-122.7002,54.99,58,100,3.44,overcast clouds
466,manggar,ID,-2.8833,108.2667,78.4,85,100,0.43,overcast clouds
467,havre,FR,49.5833,0.3333,60.57,94,0,14.97,clear sky
468,inta,RU,66.0317,60.1659,37.26,92,100,14.88,overcast clouds
469,hirara,JP,24.8,125.2833,75.47,69,75,25.32,broken clouds
470,naze,JP,28.3667,129.4833,72.52,81,100,19.89,overcast clouds
471,samana,DO,19.2056,-69.3369,76.89,88,0,3.36,clear sky
472,gat,IL,31.61,34.7642,66.88,73,2,3.49,clear sky
473,sao filipe,CV,14.8961,-24.4956,80.1,77,12,8.03,few clouds
474,las vegas,US,36.175,-115.1372,81.34,22,0,3.44,clear sky
475,omidiyeh,IR,30.7597,49.705,69.67,52,91,0.0,overcast clouds
476,green river,US,41.5286,-109.4662,57.6,35,0,3.87,clear sky
477,vrangel,RU,42.7297,133.0839,49.77,35,0,12.5,clear sky
478,asau,RO,46.4333,26.4,34.72,66,52,6.31,broken clouds
479,esna,EG,25.2934,32.554,68.02,41,100,10.25,overcast clouds
480,mehamn,NO,71.0357,27.8492,39.15,81,75,13.8,light rain
481,waddan,LY,29.1614,16.139,64.4,76,11,6.76,few clouds
482,chavinda,MX,20.0167,-102.45,62.65,94,100,2.86,light rain
483,port hedland,AU,-20.3167,118.5667,89.65,19,0,13.8,clear sky
484,beni,CD,0.5,29.4667,61.11,99,100,2.77,overcast clouds
485,cheyenne,US,41.14,-104.8203,48.78,42,0,3.06,clear sky
486,komsomolskiy,UZ,40.4272,71.7189,54.32,87,75,4.61,light intensity shower rain
487,steinheim,DE,51.8707,9.0914,46.31,96,0,1.66,clear sky
488,doha,QA,25.2867,51.5333,82.38,51,0,4.61,clear sky
489,rochester,US,43.1548,-77.6156,43.09,76,40,8.05,scattered clouds
490,dali,CN,25.7,100.1833,63.36,54,48,2.19,scattered clouds
491,eenhana,NA,-17.4667,16.3333,72.75,34,71,7.18,broken clouds
492,chitrakonda,IN,18.1167,82.0833,75.76,87,72,1.61,broken clouds
493,vilyuysk,RU,63.7553,121.6247,28.04,92,100,3.27,light snow
494,guerrero negro,MX,27.9769,-114.0611,71.76,75,0,12.17,clear sky
495,vigrestad,NO,58.5667,5.7,44.58,73,11,16.28,few clouds
496,ornskoldsvik,SE,63.2909,18.7153,36.55,87,20,9.22,few clouds
497,lazaro cardenas,MX,17.9583,-102.2,79.32,82,99,1.45,overcast clouds
498,ordubad,AZ,38.9059,46.0234,54.84,82,4,4.92,clear sky
499,yulara,AU,-25.2406,130.9889,75.49,34,0,11.41,clear sky
500,logansport,US,40.7545,-86.3567,42.85,72,100,9.22,overcast clouds
501,qasigiannguit,GL,68.8193,-51.1922,32.56,100,100,5.1,snow
502,corowa,AU,-36.0333,146.3833,75.29,62,45,3.06,scattered clouds
503,guiratinga,BR,-16.3494,-53.7583,79.21,31,77,2.01,light rain
504,amari,GR,35.2267,24.6508,60.82,89,79,6.89,broken clouds
505,belyy yar,RU,53.6039,91.3903,39.85,75,20,4.47,few clouds
506,ilulissat,GL,69.2167,-51.1,31.98,99,100,3.27,snow
507,opuwo,NA,-18.0607,13.84,64.99,26,0,0.04,clear sky
508,aksarayskiy,RU,46.7924,48.0119,48.07,60,45,9.75,scattered clouds
509,kiruna,SE,67.8557,20.2251,29.32,80,100,8.05,overcast clouds
510,nanga eboko,CM,4.6833,12.3667,66.78,99,100,0.67,light rain
511,victor harbor,AU,-35.5667,138.6167,70.68,70,12,11.5,few clouds
512,champa,IN,22.05,82.65,77.27,77,0,5.06,clear sky
513,pechea,RO,45.6333,27.8,46.4,71,75,7.4,broken clouds
514,siverek,TR,37.755,39.3167,66.4,35,0,3.22,clear sky
515,inhambane,MZ,-23.865,35.3833,72.68,79,71,9.28,broken clouds
516,valdivia,CL,-39.8142,-73.2459,49.51,99,27,1.48,scattered clouds
517,sisimiut,GL,66.9395,-53.6735,34.0,99,100,6.73,snow
518,svaty jur,SK,48.2522,17.2154,58.78,87,40,10.36,scattered clouds
519,culebra,PR,18.303,-65.301,79.0,82,7,5.01,clear sky
520,zhangye,CN,38.9342,100.4517,59.94,14,40,4.41,scattered clouds
521,benguela,AO,-12.5763,13.4055,72.01,87,22,3.71,few clouds
522,ulma,DE,48.3984,9.9916,53.56,95,14,2.53,few clouds
523,yerbogachen,RU,61.2767,108.0108,28.27,75,83,11.39,broken clouds
524,hohhot,CN,40.8106,111.6522,55.69,24,0,2.24,clear sky
525,pocone,BR,-16.2567,-56.6228,76.35,73,1,4.14,light rain
526,ustka,PL,54.5805,16.8619,51.66,85,41,15.28,scattered clouds
527,savinka,RU,50.0785,47.0994,49.55,58,100,13.76,overcast clouds
528,grindavik,IS,63.8424,-22.4338,41.47,93,100,12.66,light intensity drizzle
529,oktyabrskoye,RU,43.0645,44.7417,44.74,100,0,2.24,fog
530,pangai,TO,-19.8,-174.35,82.51,69,75,13.8,broken clouds
531,venezuela,VE,8.0,-66.0,79.27,81,99,9.64,overcast clouds
532,honningsvag,NO,70.9821,25.9704,38.95,87,100,12.66,light rain
533,konskie,PL,51.1917,20.4061,53.24,90,64,11.7,broken clouds
534,mount gambier,AU,-37.8333,140.7667,70.43,51,1,7.52,clear sky
535,buchanan,LR,5.8808,-10.0467,76.6,89,98,4.16,light rain
536,aksarka,RU,66.5606,67.7975,38.3,96,100,8.59,light rain
537,rorvik,NO,64.8621,11.2373,44.71,87,40,12.66,light intensity drizzle
538,canto do buriti,BR,-8.11,-42.9444,77.23,42,2,3.29,clear sky
539,pampa,US,35.5362,-100.9599,48.56,57,0,8.05,clear sky
540,paamiut,GL,61.994,-49.6678,39.02,92,100,10.54,light rain
541,dwarka,IN,22.2394,68.9678,81.66,59,10,7.45,clear sky
542,pak phanang,TH,8.3511,100.202,87.82,90,99,5.03,overcast clouds
543,kayseri,TR,38.737,35.4968,46.42,100,40,0.0,scattered clouds
544,arroio dos ratos,BR,-30.0772,-51.7292,62.87,95,87,6.42,overcast clouds
545,sambava,MG,-14.2667,50.1667,70.66,79,100,12.5,light rain
546,ketchikan,US,55.3422,-131.6461,55.38,92,100,20.38,heavy intensity rain
547,emba,KZ,48.8264,58.1442,42.39,56,100,15.73,overcast clouds
548,yerkoy,TR,39.6381,34.4672,51.28,91,11,3.0,few clouds
549,ibra,OM,22.6906,58.5334,74.61,27,87,2.33,overcast clouds
550,osypenko,UA,46.9136,36.8253,49.53,55,16,1.81,few clouds
551,bonavista,CA,48.6499,-53.1147,50.59,90,35,8.16,scattered clouds
552,belle fourche,US,44.6714,-103.8522,55.51,46,6,3.56,clear sky
553,englewood,US,39.6478,-104.9878,56.64,42,0,4.21,clear sky
554,bandarbeyla,SO,9.4942,50.8122,77.25,86,0,12.19,clear sky
555,conceicao da barra,BR,-18.5933,-39.7322,74.26,80,30,6.6,scattered clouds
556,sao bento,BR,-6.2833,-37.75,72.9,69,5,13.69,clear sky
557,bud,US,39.447,-86.1758,43.92,59,88,12.66,overcast clouds
558,fort smith,US,35.3859,-94.3986,41.34,45,0,1.99,clear sky
559,kulhudhuffushi,MV,6.6221,73.07,80.98,77,100,16.35,light rain
560,marovoay,MG,-16.1,46.6333,69.57,58,0,7.34,clear sky
561,bilma,NE,18.6853,12.9164,73.17,30,0,14.16,clear sky
562,samarai,PG,-10.6167,150.6667,84.38,72,15,15.43,few clouds
563,thinadhoo,MV,0.5333,72.9333,80.8,72,99,9.46,overcast clouds
564,damghan,IR,36.1683,54.348,57.69,66,2,4.83,clear sky
565,vila,PT,42.0304,-8.1588,54.48,94,96,8.59,light rain
566,marawi,PH,7.9986,124.2928,79.72,75,88,3.49,overcast clouds
567,ascension,US,30.2169,-90.9001,51.08,39,0,5.75,clear sky
568,havelock,US,34.8791,-76.9013,53.92,75,0,1.01,clear sky
569,tavda,RU,58.0425,65.2726,40.12,94,100,7.96,overcast clouds
570,kieta,PG,-6.2167,155.6333,85.46,63,38,4.36,scattered clouds
571,berezovyy,RU,51.6667,135.7,46.2,31,8,7.94,clear sky
572,luwuk,ID,-0.9516,122.7875,87.51,66,87,3.18,light rain
573,lydenburg,ZA,-25.0978,30.4597,56.1,91,100,2.33,overcast clouds
574,ukiah,US,39.1502,-123.2078,70.65,54,46,1.01,scattered clouds
575,auki,SB,-8.7676,160.7034,86.99,60,10,6.4,clear sky
576,grand gaube,MU,-20.0064,57.6608,70.2,73,78,3.0,broken clouds
577,beshpagir,RU,45.0217,42.3808,38.62,90,2,3.53,clear sky
578,whitehorse,CA,60.7161,-135.0538,43.57,87,75,23.02,broken clouds
579,ottawa,CA,45.4112,-75.6981,40.98,90,20,3.44,few clouds
580,sao felix do xingu,BR,-6.6447,-51.995,74.66,88,53,1.25,broken clouds
581,ayan,RU,56.45,138.1667,35.26,41,3,16.8,clear sky
582,sao joao da barra,BR,-21.6403,-41.0511,73.13,89,77,14.05,broken clouds
583,galdar,ES,28.147,-15.6502,70.3,74,2,9.98,clear sky
584,cockburn town,TC,21.4612,-71.1419,82.67,76,2,13.0,clear sky
585,aranos,NA,-24.1333,19.1167,67.87,56,6,10.4,clear sky
586,oda,JP,35.1833,132.5,59.77,65,14,7.4,few clouds
587,ust-kulom,RU,61.6864,53.6902,37.89,90,100,7.81,overcast clouds
588,ngunguru,NZ,-35.6167,174.5,62.33,49,28,14.45,scattered clouds
589,rio grande,BR,-32.035,-52.0986,63.12,91,99,16.6,overcast clouds
590,bilibino,RU,68.0546,166.4372,10.29,87,100,9.17,overcast clouds
591,kikwit,CD,-5.041,18.8162,69.42,97,99,1.68,light rain
592,portland,US,45.5234,-122.6762,66.2,77,0,1.01,clear sky
593,oranjestad,AW,12.524,-70.027,84.15,83,20,12.66,few clouds
594,saint-joseph,RE,-21.3667,55.6167,73.47,73,19,10.04,few clouds
595,qurayyat,SA,31.3318,37.3428,62.78,59,0,9.22,clear sky
596,ixtapa,MX,20.7,-105.2,76.62,95,50,1.97,scattered clouds
597,riyadh,SA,24.6877,46.7219,68.14,16,91,1.48,overcast clouds
598,channel-port aux basques,CA,47.5702,-59.1367,53.29,89,15,13.58,few clouds
599,gladstone,AU,-23.85,151.25,71.78,83,75,9.22,light rain
600,adrar,MR,20.5022,-10.0711,82.72,16,100,9.08,overcast clouds
601,pontianak,ID,-0.0333,109.3333,82.38,83,75,3.44,broken clouds
602,gland,CH,46.4208,6.2701,60.91,88,4,2.08,clear sky
603,trairi,BR,-3.2778,-39.2689,78.33,82,36,13.8,scattered clouds
604,novouzensk,RU,50.4592,48.1431,50.18,62,100,14.16,overcast clouds
605,general roca,AR,-39.0333,-67.5833,59.18,78,84,10.8,broken clouds
606,torres,BR,-29.3353,-49.7269,66.83,95,99,1.63,overcast clouds
607,huicheng,CN,23.0385,116.2899,71.17,55,99,17.72,overcast clouds
608,basoko,CD,1.2391,23.616,71.2,93,98,0.89,overcast clouds
609,kihei,US,20.785,-156.4656,82.98,85,9,6.33,clear sky
610,ternate,ID,0.8,127.4,86.97,58,99,2.24,overcast clouds
611,gamba,GA,-2.65,10.0,76.8,86,100,2.68,overcast clouds
612,prochnookopskaya,RU,45.0666,41.1175,48.15,89,0,5.64,clear sky
613,pindi gheb,PK,33.2402,72.2661,74.28,42,0,6.15,clear sky
614,zapolyarnyy,RU,69.4154,30.8136,33.08,89,99,15.55,overcast clouds
615,pita,GN,10.8333,-12.5833,71.17,89,100,3.42,overcast clouds
616,karratha,AU,-20.7377,116.8463,84.97,34,0,12.55,clear sky
617,shihezi,CN,44.3,86.0333,49.33,79,100,5.53,overcast clouds
618,leshukonskoye,RU,64.8989,45.7622,35.02,97,73,11.54,broken clouds
619,deer lake,CA,49.1667,-57.4316,49.86,100,100,6.91,overcast clouds
620,sechura,PE,-5.5569,-80.8222,63.21,77,100,12.55,overcast clouds
621,bingol,TR,38.8847,40.4939,58.05,53,53,4.21,broken clouds
622,chulym,RU,55.0997,80.9572,39.22,90,99,9.84,overcast clouds
623,haines junction,CA,60.7522,-137.5108,37.35,93,100,2.3,overcast clouds
624,birao,CF,10.2849,22.7882,72.16,65,3,3.8,clear sky
625,maloy,NO,61.9353,5.1136,41.74,1,72,9.1,broken clouds
626,emerald,AU,-23.5333,148.1667,78.35,66,100,9.19,overcast clouds
627,mao,ES,39.8885,4.2658,70.36,94,100,4.61,overcast clouds
628,redmond,US,47.674,-122.1215,61.48,80,0,1.01,clear sky
629,urusha,RU,54.05,122.9,35.29,51,100,2.13,overcast clouds
630,oistins,BB,13.0667,-59.5333,82.49,78,40,12.66,scattered clouds
631,huilong,CN,31.8111,121.655,63.37,48,0,11.86,clear sky
632,namatanai,PG,-3.6667,152.4333,85.62,63,60,6.71,broken clouds
633,deputatskiy,RU,69.3,139.9,1.22,93,46,3.58,scattered clouds
634,shakawe,BW,-18.3667,21.85,66.78,67,94,9.64,overcast clouds
635,labuhan,ID,-6.8844,112.2051,83.8,71,100,3.24,light rain
636,itupeva,BR,-23.1531,-47.0578,68.05,82,100,10.36,light rain
637,arcata,US,40.8665,-124.0828,62.74,89,100,0.0,fog
638,cartagena,CO,10.3997,-75.5144,83.82,79,40,3.44,scattered clouds
639,hobyo,SO,5.3505,48.5268,77.56,84,26,14.09,light rain
640,simitli,BG,41.8833,23.1167,54.32,46,0,3.02,clear sky
641,ishigaki,JP,24.3448,124.1572,74.68,68,100,28.54,overcast clouds
642,inndyr,NO,67.0338,14.0276,44.64,85,100,13.18,light rain
643,dakar,SN,14.6937,-17.4441,79.68,76,94,13.49,light rain
644,chipinge,ZW,-20.1883,32.6236,58.08,81,89,3.6,overcast clouds
645,norden,DE,53.6,7.2,53.96,77,39,10.07,scattered clouds
646,te anau,NZ,-45.4167,167.7167,43.2,95,100,7.27,light rain
647,bekwai,GH,6.4534,-1.5774,70.36,99,66,2.15,broken clouds
648,oudtshoorn,ZA,-33.5907,22.2014,61.16,80,33,1.81,scattered clouds
649,amazar,RU,53.858,120.875,37.96,49,100,3.53,overcast clouds
650,lufilufi,WS,-13.8745,-171.5986,80.78,74,34,11.92,scattered clouds
651,kapit,MY,2.0167,112.9333,81.37,77,100,1.39,light rain
652,iralaya,HN,15.0,-83.2333,79.61,82,54,6.2,broken clouds
653,riberalta,BO,-10.9833,-66.1,74.71,88,100,0.18,overcast clouds
654,zima,RU,53.9202,102.0442,40.77,72,95,1.95,overcast clouds
655,bitung,ID,1.4451,125.1824,86.85,66,97,4.25,overcast clouds
656,ondjiva,AO,-17.0667,15.7333,71.87,34,67,8.41,broken clouds
657,port moresby,PG,-9.4431,147.1797,85.06,68,69,8.14,broken clouds
658,puerto colombia,CO,10.9878,-74.9547,81.91,79,49,8.43,scattered clouds
659,mikhaylovka,RU,50.06,43.2379,48.7,51,82,11.07,broken clouds
660,mitu,CO,1.1983,-70.1733,72.48,96,75,0.76,broken clouds
661,pahalgam,IN,34.0333,75.3333,45.01,62,9,2.84,clear sky
662,siuna,NI,13.7332,-84.7773,72.48,96,100,0.69,overcast clouds
663,arua,UG,3.0201,30.9111,64.22,91,91,1.3,overcast clouds
664,salihli,TR,38.4826,28.1477,55.72,89,0,0.89,clear sky
665,micheweni,TZ,-4.9667,39.8333,74.26,80,5,7.14,clear sky
666,domoni,KM,-12.2569,44.5319,73.99,82,16,6.38,few clouds
667,voerde,DE,51.6,6.6833,49.41,94,78,5.14,broken clouds
668,saint-marc-des-carrieres,CA,46.6834,-72.0491,51.22,94,100,2.33,overcast clouds
669,kasongo-lunda,CD,-6.4667,16.8167,70.57,92,100,1.88,overcast clouds
670,berberati,CF,4.2612,15.7922,66.94,98,95,1.12,light rain
671,tsaratanana,MG,-16.7833,47.65,65.14,70,1,8.88,clear sky
672,acarau,BR,-2.8856,-40.12,78.42,83,48,18.19,scattered clouds
673,barra do corda,BR,-5.5,-45.25,80.56,47,30,2.53,scattered clouds
674,aswan,EG,24.0934,32.907,73.56,37,2,11.79,clear sky
